{
  "hash": "1949efb0",
  "configHash": "e46a0094",
  "lockfileHash": "3b94c5c5",
  "browserHash": "40dc28c9",
  "optimized": {
    "@angular/common/http": {
      "src": "../../../../../node_modules/@angular/common/fesm2022/http.mjs",
      "file": "@angular_common_http.js",
      "fileHash": "4634e2b0",
      "needsInterop": false
    },
    "@angular/core": {
      "src": "../../../../../node_modules/@angular/core/fesm2022/core.mjs",
      "file": "@angular_core.js",
      "fileHash": "981ed49a",
      "needsInterop": false
    },
    "@angular/forms": {
      "src": "../../../../../node_modules/@angular/forms/fesm2022/forms.mjs",
      "file": "@angular_forms.js",
      "fileHash": "28b41951",
      "needsInterop": false
    },
    "@angular/material/button": {
      "src": "../../../../../node_modules/@angular/material/fesm2022/button.mjs",
      "file": "@angular_material_button.js",
      "fileHash": "90d75f69",
      "needsInterop": false
    },
    "@angular/material/card": {
      "src": "../../../../../node_modules/@angular/material/fesm2022/card.mjs",
      "file": "@angular_material_card.js",
      "fileHash": "031f3162",
      "needsInterop": false
    },
    "@angular/material/form-field": {
      "src": "../../../../../node_modules/@angular/material/fesm2022/form-field.mjs",
      "file": "@angular_material_form-field.js",
      "fileHash": "cd4c1cd6",
      "needsInterop": false
    },
    "@angular/material/input": {
      "src": "../../../../../node_modules/@angular/material/fesm2022/input.mjs",
      "file": "@angular_material_input.js",
      "fileHash": "55615df4",
      "needsInterop": false
    },
    "@angular/material/radio": {
      "src": "../../../../../node_modules/@angular/material/fesm2022/radio.mjs",
      "file": "@angular_material_radio.js",
      "fileHash": "9782d644",
      "needsInterop": false
    },
    "@angular/material/table": {
      "src": "../../../../../node_modules/@angular/material/fesm2022/table.mjs",
      "file": "@angular_material_table.js",
      "fileHash": "607e74ea",
      "needsInterop": false
    },
    "@angular/material/toolbar": {
      "src": "../../../../../node_modules/@angular/material/fesm2022/toolbar.mjs",
      "file": "@angular_material_toolbar.js",
      "fileHash": "eba2e19e",
      "needsInterop": false
    },
    "@angular/platform-browser": {
      "src": "../../../../../node_modules/@angular/platform-browser/fesm2022/platform-browser.mjs",
      "file": "@angular_platform-browser.js",
      "fileHash": "17c670f4",
      "needsInterop": false
    },
    "@angular/platform-browser/animations/async": {
      "src": "../../../../../node_modules/@angular/platform-browser/fesm2022/animations/async.mjs",
      "file": "@angular_platform-browser_animations_async.js",
      "fileHash": "4372754d",
      "needsInterop": false
    },
    "@angular/router": {
      "src": "../../../../../node_modules/@angular/router/fesm2022/router.mjs",
      "file": "@angular_router.js",
      "fileHash": "c79aad22",
      "needsInterop": false
    }
  },
  "chunks": {
    "browser-3LAMR5OB": {
      "file": "browser-3LAMR5OB.js"
    },
    "chunk-SJFCSCHN": {
      "file": "chunk-SJFCSCHN.js"
    },
    "chunk-E5RCFKAB": {
      "file": "chunk-E5RCFKAB.js"
    },
    "chunk-JGUPSZCF": {
      "file": "chunk-JGUPSZCF.js"
    },
    "chunk-SS5V63FO": {
      "file": "chunk-SS5V63FO.js"
    },
    "chunk-UMSLN7NE": {
      "file": "chunk-UMSLN7NE.js"
    },
    "chunk-5IBY5BWJ": {
      "file": "chunk-5IBY5BWJ.js"
    },
    "chunk-MEWT6VGM": {
      "file": "chunk-MEWT6VGM.js"
    },
    "chunk-TMBYDEFG": {
      "file": "chunk-TMBYDEFG.js"
    },
    "chunk-VSB7AROP": {
      "file": "chunk-VSB7AROP.js"
    }
  }
}